CityName,Latitude,Longitude
Sinendé,10.260695,2.367979301912146
Al Makhrim,32.5225907,13.1533547
Vijayapur,16.8054103,75.7179353
Pasar Cekkeng,-5.5543233,120.2024931
Mrauk-U Main,20.1455907,92.9002203
Mansaba,13.9314533,-4.2599804
Ansongo,15.6639257,0.5067841
Tentane,19.85,-13.0
Bule,46.6190969,7.0581152
Buhiga,-3.0249219,30.1684426
Lucknow,26.8381,80.9346001
Pasar Klandasan,-1.277757,116.8305543
Maan,30.225249750000003,36.52246845379944
Kratie,12.678301699999999,106.05817329824376
Moyamba,8.1593455,-12.4313893
Amachach,20.2581628,0.9904272
Kamalenga,-6.95,22.166667
Pasar Aur Kuning,-0.3133401,100.3863138
Kampong Chheuteal,12.8843538,105.06747688312662
Kobo,9.3764093,41.4744045
Isfana,39.8384418,69.5253831
Dimapur,25.911744,93.721703
Dila,32.563758,68.131147
Al Karak,31.1843706,35.70503714051622
Nsundwe,-14.0251427,33.4811245
Fundong,6.280281,10.284089
Mola,20.8465499,77.91445914230843
Agadez Commune,16.9771516,7.988767101929913
Inke,46.3947291,17.1994768
Peshawar,34.0123846,71.5787458
Enseno,8.0599516,38.4804294
Haromaya,9.3965047,42.0082688
Giteranyi,-2.5172828,30.458614
Nambuma,-13.704086,33.6014591
Kaung Ming Sang,22.95422545,98.93469536159279
Luiza Centre,61.7895333,34.358905
Abra,17.583333,120.75
Bossemptélé,5.6813325,16.6345916
Al Aziziya,32.5330923,13.0176242
Laung Kyet,20.552099,93.244148
Rusape,-18.533515,32.124601
Mederdra,16.9199893,-15.6601304
Bentiu,9.2480864,29.8003988
Pasar Jatinegara,-6.2158706,106.8664115
Kirambo,9.47106,13.5416401
Ar-Rastan,34.9278282,36.7323119
Jaipur,26.9154576,75.8189817
Bayanga,2.912403,16.2611354
Al Jabeen,25.3404514,55.395122
Bamba,3.7702087,15.3297538
Maymana,35.9203903,64.7822509
Poltava,49.8607809,33.7498787
Boeny (Region),-16.23492785,46.12926718059281
Bankass,14.0786136,-3.5187494
Atar,20.5181943,-13.0543928
Min Kan,22.0725844,96.1993044
Pasar Brayan,3.616867,98.6808029
Cagayan de Oro,8.4756417,124.6421532
Site Kuang,22.696551749999998,114.23178982253259
Comé,45.939475900000005,9.149410145408947
Bhubaneshwar,20.2602964,85.8394521
Bol,9.3660477,-74.8023636
Dassa-Zoumè,7.7815402,2.183606
Homestead,25.4718946,-80.4759905
Kobero,-2.7698474,30.1586641
Empada,11.541162,-15.227461
Nola,40.9210826,14.5327402
Bele,-1.45056,-48.4682453
Guiglo,6.43034025,-7.5909032112704775
Bethlehem,40.6178915,-75.3786521
Cherkasy,49.1460165,31.2271744
Kyzyl-Adyr,42.6187242,71.5884966
Mbela,5.6796382,13.6201982
Purnia,26.0,87.5
Kok-Say,19.9143795,99.8284708
Gahanga,-2.0240007,30.1068336
Conakry-Madina,9.5447404,-13.6711449
Koforidua,6.100334,-0.2614572
Youwarou,15.3706088,-4.2615466
Rewa,24.756718,81.65493468694177
Al Aqaba,32.3374702,35.416274
Ramallah,31.9030543,35.1952255
Luhanska,48.5717084,39.2973153
Tshovani,-21.0336221,31.6841214
Port-de-Paix,19.9389855,-72.8308129
Sekong,15.8660419,106.9637782
Baidoa,3.1549999499999997,43.584009230208295
Beyla,8.909431999999999,-8.367475476673686
Kicukiro,-1.9854367,30.1036335
Diré,16.2678091,-3.3971368
Masbate,12.166667,123.583333
Sibiti,-3.6328012000000003,13.300506319333357
Pasar Pelita,1.14257955,104.018449
Negele,5.3328174,39.5806628
Robe,-37.186199200000004,139.9955285127801
Custom,33.55377715,-101.8361043
Misamis Oriental,8.6534807,124.8235205
Tite,11.780287,-15.399514
Gode,5.9526975,43.5522312
Dodoma Region,-6.0102878,35.8245033
Pweto,-8.4741061,28.8987099
Sehoue,6.9258324,2.2711315
Kampong Pranak,13.8084596,104.9778677
Ouenzé,-4.2487587,15.2859088
Ruhuha,-3.215417,29.0717219
Huye,-2.6053426,29.7401547
Jhansi,25.530130800000002,78.65242146225927
Bat Doeng,11.68362675,104.70232135
Komo,-12.2045176,44.2832964
Dakhla,23.6940663,-15.9431274
Pasar Banyuwangi,-8.21046015,114.37525714050402
Sofia (Region),-15.28151885,48.17108395847933
Bintagoungou,16.7375895,-3.7310448
Kassala,16.0431989,36.0181112
Ndjoko Punda,-5.4508953,20.9693846
Buthidaung,20.8747257,92.5280099
Tripoli,32.896672,13.1777923
Bissau-Bairro Militar,11.8737998,-15.6155744
Klouékanmè,7.07500005,1.8244247611931035
Al Midan,14.4732884,43.9021387
Jariiban,7.2128199,48.8498632
Danane,7.2597966,-8.1526273
Swakopmund,-22.6767841,14.5313988
Zaporizhia,47.4165079,35.922969
Natitingou,10.251408300000001,1.383540986380074
Harar,9.3118397,42.1284445
Selibaby,15.1579884,-12.1847821
Krakor,12.5287279,104.2100448
Thi-Qar,24.7872925,46.6575193
Sambalpur,21.4706422,83.98368580351055
Izmir,38.4224548,27.1310699
Kharagpur,25.133173050000003,86.52504036339789
Karaan,-5.5996685,132.7250046
Sahibganj,25.28142795,87.62096351851952
Lubombo,-26.55452,31.86191156647494
Cuamba,-14.74863315,36.59745599721113
Bokhtar,37.8357217,68.7820957
Gangtok,27.325756900000002,88.69827694810172
Kirovograd,48.5105805,32.2656283
Puducherry,10.91564885,79.80694879844232
Martadi,29.44958065,81.52393996264868
Pobè,6.9820238,2.666791
Mechara,8.5997665,40.3244752
Salima,-13.762898400000001,34.452369976445496
Uruzgan,32.8129681,66.0183185
Marula,-34.6380663,-58.4035857
Yabelo,7.5165464,38.4896048
Borama,9.9386691,43.184119
Makaha,21.4665875,-158.21607146723647
Sekota,12.625697,39.035441
Pasar Sagulung,1.0477565,103.95130602562438
Siquijor,9.18,123.58
Tanguiéta,10.965512,1.420338250811944
Gabu,12.11703505,-14.176250577969586
Aioun,16.6597742,-9.6178808
Aru,39.7779175,43.168437098021585
Pasar Pahing,-7.6522546,109.07953797696467
Banikoara,11.32625415,2.473040680223342
Mafeteng,-29.7893049,27.4423193
Khorog,37.4903687,71.5493236
Kyein Ni Pyin,20.091869,93.013031
Norton,39.7944702,-99.9100033
Kamwesha,-6.2079749,21.4190966
Mukarange,-1.4872142,30.078226359078613
Kunduz,36.8707187,68.7563528
Lay Yin Kwin,15.7996814,94.8141215
Boke,11.3406898,-13.9440724
Hirat,34.3508273,62.2164003
Muyinga,-2.7106551,30.3601342
Bazha,29.1764723,89.1413674
Ramanathapuram,9.3895523,78.85907071521498
Kérou,10.97211505,1.9983427684018518
Ijevan,40.8779943,45.1437542
Pasar Rawa Indah,-4.1951563499999995,102.59572364041375
Kamako,-7.2836938,20.8703633
Dwangwa,-12.506334,34.1096334
Pasar Seroja,-6.3043925,106.8122222
Lira,2.2456918,32.896244
Farah,32.607111,62.671011
Pasar Terapung,-3.3195127,114.5934888
Kivuruga,-1.5959515,29.7555888
Kivyuka,-3.02774475,29.45092086395804
Korhogo,9.4574719,-5.6342471
Mogaung Market,19.322482,95.1844468
Muhanga,-2.0437078,29.718070301947087
Khagaria,25.4916868,86.69910848212217
Péhunco,10.2308948,2.0004282
Bulawayo,-20.1053948,28.5426856
Rusaka,-15.4164488,28.2821535
Bor,49.7113567,12.7753178
Rohtas (sasaram),24.9001003,84.0182110684575
Ohn Taw Gyi,20.19755,92.785683
Haute Matsiatra (Region),-21.46906375,46.4663496472585
Dharamshala,32.2143039,76.3196717
Muhanga,-2.0437078,29.718070301947087
Munger,25.22081165,86.51720367235285
Ouadane,20.9337256,-11.6173738
Beula,45.9248246,5.9858054
Tokmok,42.8373462,75.2953881
Pasar Anom,-6.2842635,106.8295641
Dibida (Kankan),10.3740303,-9.296243474622111
Uvurkhangai,45.8297039,102.7237769
Osh,40.5361899,72.8033618
Kambia,9.1246846,-12.9189134
Bvumbwe,-15.9428201,35.026691
Agra,27.1752554,78.0098161
Kamina,-8.7351826,25.0032201
Bilaspur-hp,31.3380959,76.7611631
Pasar Besar (Kota Malang),-7.9864086,112.6332628
Rwagitima,-1.6655303,30.4542337
Rajkot,22.3053263,70.8028377
Gaseke,-1.7590685,30.1245486
Alaba,42.844072249999996,-2.6820829322126283
Chilumba,-10.4339594,34.2556
Pasar Pagar Dewa,-3.8395147,102.32032616906505
Quirino,16.283333,121.583333
Akkar,67.8627942,19.4340146
Kigufi,-1.8062109,29.561505
Abi Adi,13.8587688,39.4835723
Muse,46.062608,11.114737310036357
Baglung,28.356335299999998,83.14253600515775
Sai Law,55.93239925,-3.540513840458015
Cruzamento,-20.3109726,-40.322451
Mohale's Hoek,-30.0696842,27.8038609
Hombori,15.2831164,-1.6990741
Kidapawan,7.0095784,125.0905037
Maxixe,-23.86996285,35.310326824828735
Bukirasazi,-3.3296932,29.3692229
Liwang,28.19476925,82.96145999419483
Nhambane,11.529108149999999,-15.986323639748417
Savalou,7.9297324,1.9780951
Iganga,0.7221911000000001,33.5016935166769
Ouando,5.960786,25.9588643
Bouca,40.836137,-6.7963394
Kaga-Bandoro,6.9993145,19.182305
Saran,25.90835495,84.78074760594323
Wellingara,13.55640565,-14.924340182410106
Kep,10.402153949999999,104.26506181616313
Haldwani,29.2144809,79.5279012
Laukkaing,23.6476085,98.7338866404925
Azovè,6.9382465,1.7221108
Largu,44.9768843,27.1443398
Agusan del Sur,8.36,125.71
Kotido,2.9951839,34.034212772268965
Waingmaw,25.3537725,97.4440251
Bimbo,4.3325548,18.5250512
Harem,36.2095065,36.5206804
Filabusi,-20.535687,29.284797
Mansoa,12.06661,-15.316344
Djougou,9.7106683,1.6651614
Bataan,14.6436031,120.4657622
Pasar Lemabang,-2.97243025,104.78300988418607
Romblon,12.5886411,122.1933517
Ramci,50.3010779,14.4839203
Kankossa,15.9367211,-11.5191388
Mihigo,-2.8496427,29.7444955
Lower Ban Wai,22.2804347,114.15601601894576
Managua,12.1544035,-86.2737642
Occidental Mindoro,13.0000021,120.9166666
Eyl,7.98751735,49.687348631397825
Chimbiya,-14.290761400000001,34.161374417545716
Batiment,43.23788305,5.375989074874209
Karnal,29.6803266,76.9896254
Gambela,7.8102647,34.1822172
Mangalsen,29.09536125,81.20406498425649
Ah Nauk Ywe,20.1063747,92.9858887
Bipongo,3.2476475,32.8840885
Ndago,-3.8882958,29.6623077
Kigoma Region,-4.5126571,30.0050533
Momauk,24.2493952,97.3459136
Mbizo 4,-18.9024903,29.8456907
Charati,9.466667,5.433333
Manthali,27.40927195,86.0528812513445
Bareilly,28.416667,79.383333
Kemise,8.4667,36.16397
Giwa,11.3,7.45
Matimba,-9.814265,39.5753354
Bambari,5.7680014,20.6755705
Kibra (Nairobi),-1.3106636,36.7730221
Nikki,9.899685,3.178025421161518
Koronadal,6.5004067,124.8435427
Pasar Remu,-0.8884138500000001,131.28522933980042
Legazpi,43.051235,-2.3344403
Koura,10.7338878,-7.3849163
Ouesse,8.4919261,2.4258417
Yambio,4.5680716,28.39767
Bula,45.544479,9.1151877
Nangarhar,34.220389,70.3800314
Menaka,43.3627405,-2.8023477
Sareyamou,16.09,-3.236
Madhubani,26.350071999999997,86.22914688962271
Baoro,5.694576,15.953318
Mupandawana,-19.63855325,31.171718783728075
Mingalar market,21.9758283,96.09611100000001
Kasenyi,0.0789763,32.52181009041155
Jarash,32.261194200000006,35.87252632749171
Man Pan,20.41158,104.34613
Tacloban,11.2430274,125.0081402
Mhandamabwe,-20.116721249999998,30.37109762893364
Beirut,33.88922645,35.50255852895232
Buea,4.1567995,9.2315519
Koundara,12.485154,-13.298509
Mayaka,6.91603,3.5099365
Wang Leng,22.3768614,114.1316575
Manyamula,-11.9383718,33.4410581
Gamgadhi,29.548027,82.154404
Al Tabqah,35.8323648,38.5414697
Techiman,7.584971,-1.936401
Pasar Rogojampi,-8.3064093,114.2950455
Yaoundé-Mfoundi,3.8689867,11.5213344
Msallata,32.616667,14.0
Bedessa,8.9032186,40.7764864
Baalbeck,17.979774,-77.5882173
Rashaya,33.5014243,35.8448806
Azowlissè,6.6662285,2.4926623
Nepalgunj,28.0653558,81.64970639954868
Cosse,46.9805481,-2.2719755
Mikalou,-4.2011473,15.2692812
Contuboel,12.3755089,-14.5603502
Mkanda,-13.5182022,32.9553215
Ludhiana,30.9090157,75.851601
Nur-Sultan,51.1282205,71.4306682
Sodo,43.2811262,11.9748263
Rovieng,12.3187189,103.5512049
Jammu,32.7185614,74.8580917
Jagdalpur,19.0870758,82.0235715
As-Sweida,32.77055,36.877633454255
Butha Buthe,-28.8029541,28.5638395
Vinnitsa,49.2392809,28.5110617
Honai,37.6393074,139.0147116
Ould Yenge,15.5435752,-11.7128739
Lviv,49.841952,24.0315921
Shadaw,19.631742,97.520729
Pasar Talang Banjar Jambi,-1.5961116,103.6223938
Pasar Cisalak,-6.3777539,106.86762231232666
Ban Wai,23.067367,99.2799763
Vanadzor,40.8111917,44.4851995
Nagpur,21.1498134,79.0820556
Nazareth,32.7066301,35.3048161
Kisweh,33.3584186,36.2411074
Mukenke,-2.5841537,30.332728308788056
Gaalkacyo,6.769726,47.430826
Lahore,31.5656822,74.3141829
Gaza North,52.0078959,8.529906534108816
Owino,53.9137474,27.5804967
Namwera,-14.3639217,35.5054899
Gatabo,-2.9120756,29.8781324
Santa Cruz,28.469648,-16.2540884
Tajoura,32.8834447,13.3525476
Aleppo,36.19924,37.1637253
Nyiragongo,-1.5214482,29.2499483
Pasar Aek Habil,1.7273958,98.7986076
Thrissur,10.5256264,76.2132542
Marinduque,13.416667,121.95
Saen Monourom,12.4568561,107.1865184
Zezani,-21.6091279,29.4989574
Bindura,-17.2989727,31.3299701
Central Market (PST),33.8929746,48.7529024
Jericho,31.855991,35.4598851
Pusat Pasar,3.5904475,98.6857544
Eastern Samar,11.73,125.37
Nyika Growth Point,-20.0099648,31.6032388
Mangochi,-14.140600599999999,35.32634099117331
Mukuru (Nairobi),-1.3124035,36.8462294
Chbar Ampov,11.5228263,104.9667447
Luanda,-8.8272699,13.2439512
Khame,28.5017072,82.6296593
Biratnagar,26.4623007,87.281617
El Obeid,13.183366,30.222559
Tirupathi,13.6268832,79.38665196771328
Katiola,8.0912137,-5.150708249056292
Pasar Peterongan,-7.0036076,110.4332346
Pasar Panorama,-3.8160842500000003,102.29988074787283
Davao del Norte,7.6179228,125.6832687
Meti,35.672176,139.7509058483356
Biyorwa,-3.4721693,30.1121603
Tshikapa,-6.4230495,20.7887691
Brikamaba,13.5334916,-14.9238729
Magway,20.2747958,94.7362245
Samaki,6.4725681,14.1480383
Surat,45.9383,3.2553
Gitega,-3.5382336,29.910701
Puerto Princesa,9.7376025,118.7350414
Pirada,12.663468,-14.15473
Muyange,-2.4971174,30.0455398
Karenge,-2.0820708,30.319688171938992
Nyala,3.3328697,30.8935785
Kalinga,17.46,121.31
Thae Chaung,17.6558893,95.9072113
Galmi,13.965611,5.675413
Logar,34.0653595,69.160172
Kamuzu Road,-13.7695244,34.4389041
Koro,-17.6666667,179.8333333
Talbiseh,34.8446968,36.7308332
Dnipropetrovsk,48.662589,34.9501715
Pasar Aksara,3.59886385,98.70906445658271
Leyte,10.95,124.85
Makpandu,4.7531958,28.700927241747358
Arta,11.3861664,42.5742801
Kumba,4.6026770500000005,9.414413491436562
Mweso,-1.1274261,29.0425934
Mbale,0.9766007,34.20220583097499
Patna,25.6093239,85.1235252
Nhamatanda,-19.30541685,34.24575475268132
Santo Domingo,18.4801972,-69.942111
Pasar Warung Jambu 2,-6.5706766000000005,106.80720980511136
Cobly,10.479186200000001,0.936429736261758
Hrazdan,40.51856635,44.75388726989313
Sizinda Shopping Centre,-20.175929250000003,28.541180871635774
Rudrapur,28.974744,79.3963951
Kalobeyei (Village 1),3.7687083,34.6232794
Inn Din,20.5093,92.586922
Pasar Ulee Kareng,5.550991,95.35678778876787
Mangalore,12.8698101,74.8430082
Duekoue,6.71397265,-7.425218155057541
Pasar Lakessi,-4.0040797,119.62734367880952
Rumphi,-10.790932649999998,33.85071177603609
Dharwad,15.4540505,75.0066516
Mwene-Ditu,-7.006496,23.4487976
Istanbul,41.0091982,28.9662187
Nampula,-14.966969,39.2707752
Melaky (Region),-17.75414815,44.979005166593346
Una,31.583333,76.25
Manyara Region,-4.072751,35.8521735
Vellore,12.7948109,79.0006410968549
Chaek,41.9313324,74.53226956445468
Lamin,13.3873524,-16.6438923
Camarines Norte,14.166667,122.75
Dangha,16.4650858,-3.1361951
Nkayi,-4.1841822,13.287783423858283
Ain Zara,32.7952137,13.2869321
Htilin,21.6959068,94.0941855
Pongo,2.8793776,9.9808929
Baga Road,31.5870311,74.3821182
Silalatshani,-20.7909084,29.2990967
Greater Buenos Aires,-20.5808496,-40.5408889
Torit,4.4134473,32.5682244
Hisar,29.080640950000003,75.788754109493
Dibumba,-6.3987808,20.7688272
Pasar Aikmel,-8.5679513,116.5316398
Kralanh,13.5888453,103.4168275
Mankessim,5.267169,-1.018031
Matana,0.9228241,40.3099348
Purulia,23.3291882,86.3672378
Myoma,33.7438202,-116.2863072
Fass Njaga Choi,13.564147,-16.42609
Ghadamis,30.1258404,9.4900658
Bukeye,-4.3001452,29.9149764
Hohoe,7.153187,0.477735
Bassila,8.96666435,1.8218396684307867
Oruro,-18.666667,-67.666667
Potiskum,11.7122553,11.0762744
Chong Kal,13.9544791,103.5702722
Sèdjè-Dénou,6.7248101,2.381
Pasar Anyar (Kota Tangerang),-6.1762221,106.6343103
Mubuga,-2.1042428,29.33116
Mulindi,-1.4560879,30.0238807
Pang Kham,30.9571008,76.2832178
Bani Matar,15.178161,44.049783
Sagar,23.80961225,78.75911360578634
Gitaza,-3.6179341,29.3462439
Mulanje,-15.91088,35.54125499990176
Bambara Maoude,15.8510333,-2.7861122
Qardho,9.4249997,49.56683193750921
Lohardaga,23.46920055,84.73568423071751
Savannakhet,16.500195849999997,105.71559464914924
Ilocos Sur,17.2,120.5
Shinyanga Region,-3.7622225499999997,33.2320360738371
Nyabihanga,-3.4693654,29.8081085
Assosa,-4.35860085,15.29624514688785
Migowi,-15.7190171,35.6864215
Irbid,32.5556091,35.8493023
Ulaanbaatar,47.9184676,106.9177016
Wai Maw,14.0698494,98.2254674
Darbhanga,26.08314325,86.03257096612822
Kpedekpo,7.2325499,2.5006873
Jarreng,13.62233,-15.191116
Arusha Region,-2.7170632,35.6812537
Ippy,6.2605641,21.2000369
Nkambe,6.5783833,10.7062394
Adjame,5.1071466,-5.5865623
Karita,1.529158,34.841554
Yida,21.5810088,39.1653612
West Beqaa,33.5944176,35.734677027337455
Rafid,33.5723733,35.8150814
Yaoundé-Mokolo,3.87562575,11.498414789249086
Huaphanh,20.2354748,103.6203387
Alaotra Mangoro (Region),-18.0186831,48.35534162207293
Mandava,50.9305014,14.6187239
Gakenke,-1.67180565,29.785926052391446
Kabalo,-6.0500915,26.9160693
Serrekunda,13.438762,-16.674807
Bulacan,15.0,121.083333
Tindouf,27.54390695,-6.239925131375032
Chouf,36.4094726,4.8901148
Hajar Aswad,33.4557664,36.30340845365239
Mukoso,-6.2469738,19.1605147
Nema,16.6173344,-7.2663798
Phnom Penh,11.568271,104.9224426
Brikama,13.25851295,-16.499703945251284
Mbizo 1,-18.9024903,29.8456907
Geidam,10.4612118,11.9967485
Pujehun,7.3566114,-11.7212785
Erbil,36.1911653,44.0094294
Keetmanshoop,-26.5816902,18.1365094
Tehran Market,34.0273728,-118.488516
Bushenge,-1.0743334,29.0026672
Lichinga,-13.2999118,35.2458642
Katutu,13.5412555,4.8414996
So-Ava,6.5126364,2.4436602381870856
Odienne,9.504431,-7.561942
Pasar Seketeng,-8.50262205,117.42908278402614
Mumbai,19.0785451,72.878176
Quetta,30.1957677,67.0172447
Rwamagana,-1.951239,30.434885
Gossi,15.819721,-1.3101051
Ndiago,16.1684327,-16.5100364
Dunai,28.903017650000002,82.8966478813295
Kotwa,26.50381755,84.85218057655418
Zinvié,6.6133818,2.3567957
Zgharta,34.3929847,35.8967113
Nselema,-14.7165578,35.5521458
Marka,1.6530383,44.775966682523844
Pasar Kota Lhokseumawe,5.1838019,97.1414833
Bonthe,7.5292766,-12.5131866
Cacine,11.12915,-15.02007
Chernihiv,51.272593,31.7417235
Sulaimaniyah,35.56141115,45.3170113717457
Ta Khmau,11.4687395,104.9451162
Negros Occidental,10.416667,123.0
Gorongoza,-13.0946958,39.8180431
Kanpetlet,21.1933082,94.0586224
Say Tha Mar Gyi,20.2038841,92.79060420209169
Morena,26.166667,77.5
Chitipa,-9.9728541,33.41202427956999
Aba,5.112735,7.364349
Derashe,5.5623074,37.4134824922875
Mulomba,-14.8924739,34.3186275
Sibut,5.7350828,19.0850538
Pasar Sanggeng,-0.86549065,134.0661816273403
Birere,-0.738333,30.721111
Maghama,15.5101724,-12.8502902
Thet Kay Pyin,20.913309,92.373779
Ghat,26.0198133,10.4339911
Kamwendo,-13.8302494,33.0450285
Lagos,6.4550575,3.3941795
Albay,13.216667,123.55
Nili,33.7582445,66.07477897377346
Ar-Raqqa,35.949678,39.0089212
Ber,48.8986773,7.1572261
Artashat,39.9566633,44.5471007
Tomali,34.68246,126.81517
Kostanay,52.0615626,62.9372689
Pasar Langgur,-5.6536663,132.7400411
Camiguin,9.1739753,124.7256992
Nueva Ecija,15.583333,121.0
Jimila,-19.493194000000003,27.74047262732859
Causeni,46.6395913,29.4056631
Mamou,10.6619269,-12.1139542
Nueva Vizcaya,16.35,121.13
Mitundu,-14.248669,33.7787688
Ouattagouna,15.1816275,0.7213021
Zoueiratt,22.7374428,-12.4728954
Pokrovka,47.93472,38.27843
Multan,30.197838,71.4719683
Kampong Thom,12.6687923,104.8879197
Mariental,52.2777312,10.9865227
Maiduguri,11.8395375,13.1536214
Pasar Pon,-8.095073,112.1704214
Libenge,3.76138465,18.96757168000161
Moyale,3.5241898,39.0512683
Nyamapanda,-16.964407,32.852848
Al Tafilah,30.833333,35.5999999
Kayongozi,-3.2712171,30.3285595
Bangula,-16.5751399,35.1177792
Davao del Sur,6.6983658,125.3612135
Nsanje,-16.7199917,35.101108793623865
Lanao del Norte,7.9579723,123.9021124
Nyamirambo,-1.963856,30.0599307
Misuku,-9.6816717,33.5244859
Uliwa,-10.4524968,34.2106778
Phalula,-15.2258798,34.8916589
Hyderabad,17.360589,78.4740613
Siem Reap,13.3617562,103.8590321
Goma,-1.6665685,29.225652
Bhopal,23.2584857,77.401989
Mbagne,16.1483748,-13.7871497
Kuajok,8.3024209,27.9789446
Babylon,32.544713200000004,44.431814334435785
Jawzjan,36.9665706,65.9560232
Chisinau,47.0245117,28.8322923
Dar'a (XB),14.9204806,105.0706831
Moradabad,28.8638424,78.80577833091104
Kajiba,-6.111216649999999,23.618259869786087
Dole,47.0921047,5.4925463
Katavi Region,-6.3015493,30.9278274
Androy (Region),-24.6805968,45.52438057090155
Doun Keo,13.4674385,103.7446663
Pasar Kelapa,-6.0244191,106.0509749
Wum,8.95,12.383333
Hoshangabad,22.6503147,77.7509281
Rubaho,-3.854579,30.2203968
Douala-Bonaberi,4.0822098,9.6649718
Mashala,17.3220119,76.2404891
Tete,-15.5205193,32.7682742
Debark,13.1585017,37.8990358
Kibungo,-2.1401206,30.5548782
Siliguri,26.7164127,88.4309916
Boda,46.0808583,18.0478346
Sin Tet Maw,20.06769965,92.9925927044079
Motihari,26.66951195,84.95741062485514
Kabaya,-1.2855546,29.6822872
Zambales,15.23,120.12
Dhuusamarreeb,5.5360772,46.3830844
Jali,3.866667,108.016667
Luangnamtha,20.933004,101.05867365757615
Qadisiya,31.9599617,45.1197814
Pasar Bersehati,1.49675055,124.8420064373845
Torwood 2,53.39279295,-3.0699151383038146
Jisr al shughur,35.8155686,36.3174963
Batroun,34.2548879,35.6588567
Kissidougou,9.2101274,-10.1215917
Dhankuta,26.9825083,87.3451034
Tin essako,18.4509602,2.4897883
Chikuku,-19.991314850000002,31.862526817820985
Battambang,12.9256791,103.23171364274523
Bangassou,4.743526,22.8232963
Aktau,43.6353364,51.168222
Jenda,-1.6115717,29.4502157
Lola,8.087320850000001,-81.48741778611293
Pasar Karombasan,1.4567512,124.84020418340708
Pasar Dupa,0.4957185,101.4534693
Paktya,33.705724,69.4083555
Pasar Gemolong,-7.3980777,110.82957833434207
Orto-Nura,41.536176,76.21448
Surigao del Norte,9.7815753,125.4888509
Paoua,7.2407,16.432496
Paung Toke,20.54825,93.236328
Gitobe,-2.6483606,30.2012236
Binga,0.792778,103.835
Zliten,32.467562,14.56564
Bakau,13.477453,-16.6779085
Pasar Boswezen,-0.86267385,131.24730985000002
Kigamba,-3.067389,30.541011
Deder,9.312287,41.442772
Visakhapatnam,17.7231276,83.3012842
Jablah,35.3592457,35.9252848
Kayenzi,-2.8955689,30.356728
Beni,9.5293472,2.2584408
Catanduanes,13.833333,124.25
Iloilo,10.9522168,122.5799456
Pasar Teratai,-0.00702785,109.31136885
La Trinidad,16.4617181,120.5885189
Thete,-14.3145997,34.0964009
Sheikh Sa'ad,31.54825915,34.5002203991496
Kaedi,16.1523684,-13.5039868
Sunyani,7.3384389,-2.3309226
Belagavi,15.8572666,74.5069343
Kapan,39.2075659,46.4049281
Sava (Region),-14.36766925,49.71181686530285
Embangweni,-12.1420534,33.4717291
Kanthar,24.0236039,74.9782562
Kamembe,-2.486835,28.9085776230496
Dungu,45.5539697,25.892266
Wayanad,11.71512915,76.12711850740615
AlMarj,-22.933349200000002,-43.11383603316615
Dindigul,10.3303299,78.0673979084697
Kalalé,10.2880733,3.3792735
Kosti,1.1,34.066667
Mzimba,-11.845810199999999,33.55783191131472
Kassoua-Allah,9.6752889,1.370362
Boe,-0.5423003,166.9160608849572
Meerut,29.000652549999998,77.76822875372174
Madisi,-11.2644272,33.7820125
Dzaleka,-13.66144665,33.87061964812652
Kimisagara,-1.9491765,30.0502799
Yerevan,40.1777112,44.5126233
Pasar Sangkumpal Bonang,1.3773121499999998,99.27026180734758
Faranah,10.3143203,-10.890097
Kizi,-2.8927607,30.24521
Mazar,52.0475482,29.2667179
Saminaka,10.4110334,8.669981111225605
Tema,5.6596441,-0.0096592
Simikot,29.9728637,81.8201602
Busoni,-2.5261969,30.2170754
Laghman,34.783333,70.183333
Pemba,-5.16906245,39.799425084716006

Maidan Wardak,34.3191345,68.3360426
Massinga,-22.846429399999998,35.08693013227208
Chikhwawa,-16.0271313,34.7912153
Tshelanyemba,-21.3497967,28.4866868
Dhamar,14.7384268,44.2709597
Chiro,10.9532783,39.2311902
Mponela,-13.5297184,33.7371277
Ujjain,23.1885131,75.7716562
Nam Kam,16.9139139,104.7281215
Paktika,32.3936231,68.7036514
Koinadugu,9.3727454,-11.3253109
Tanga Region,-5.202134,38.2275548
Rushashi,-1.7351836,29.8569217
Monday,-25.5125747,-54.7205354
Gwanda town,-20.9414292,29.0036855
Apayao,18.12,121.19
Katoto,1.6526944,30.3471944
Panjsher,35.4338536,69.7930899
Affamè,6.8262684,2.4734058
Pasar Bunder,-7.4299548,111.0202923704964
Shwegu,24.2278257,96.7874052
Kigeme,-3.0955151,30.7545731
Falam,23.44561555,93.71180040461054
Shivamogga,13.9326093,75.574978
Anderamboukane,15.4220566,3.0224703
Total,0.3596739,32.7525748
Moba,-7.0427487,29.7737268
Khost,33.4014634,69.8912294
Sawla,20.733549099999998,78.17341123498142
Douentza,15.0068749,-2.9529649
Attara,15.6605528,-4.3511695
Gobabis,-22.4495283,18.9724666
Kisangani,0.5184021,25.2057292
Pasar Smep,-5.40933505,105.25510325966397
Canchungo,12.066422,-16.031912
Sékou,6.6361649,2.2270883
Yunusari,13.2502611,11.488660035359459
Al Balad,15.631824,43.698284
Ngozi,-2.8776895,29.8994986
Betsiboka (Region),-17.095744,47.26007086801634
Pasar Gamalama,0.7943099,127.3898083
Pitche,12.326137,-13.954994
Guimaras,10.5730629,122.6238907
Ngaoundaye,7.476419,15.60212
Mbandaka,0.0470732,18.2564803
Bunia,1.5620529,30.2478844
Mole,16.7172784,74.9213792
Dombotombo,-18.1876881,31.557911934694108
Base,30.0560306,96.9177513
Tarija,-21.583333,-63.833333
Angwa,35.8598427,127.1208356
Nkoto,-1.9173096,20.9127432
Kiyanzi,-4.79339,18.20919
Wadata,13.8937922,4.0511008
Jadcherla,16.7699159,78.1377227
Al Waer,38.9025831,-75.4271135
Quinhamel,11.894183,-15.851309
Windhoek,-22.5776104,17.0772739
Pasar Pandan Sari,-1.2385274499999999,116.8245932527376
Cuddalore,11.7564329,79.7634644
Kétou,7.3604193,2.6024222
Mountain Province,17.0922325,120.9737242
Cavite,14.2554073,120.8671503
Sums,-43.56921,172.75681
Afrin,36.5083795,36.870089
Bayan-Ulgii,48.5470083,89.8549358
Dar es Salaam Region,-6.8160837,39.2803583
Pasar Peunayong,5.56000105,95.31974624956317
Tripoli center,32.8075067,13.3450426
Segno Gebeya,11.1870683,36.9775771
Konkyan,23.8324005,98.5362597
Nyamata,-2.1508074,30.120872826379067
Giharo,-3.7802425,30.2353649
Baghlan,35.75,69.0
Arslanbob,41.3376236,72.9277135
Gombe,10.38301,11.206567
Kismayo,-0.52111695,41.98535737338791
Diguiciré,14.67,-5.073
Bursari,12.4514335,10.7178005
Atsimo Atsinanana (Region),-23.22352375,47.28351755280973
Dar'a,32.6224342,36.1109696
Mwakiro,-3.08953765,30.31235815875472
Jowhar,2.90464045,45.58316648336164
Karimnagar,18.4348122,79.1328042
Lizulu,-14.51783,34.4654651
Malda,25.0057449,88.1398483
Pasar Petisah,3.5904531,98.66642826075466
Dowa,-13.53875785,33.7781079828639
Moemauk,24.2417507,97.3882306
Ghazni,33.3149631,67.828989
Guwahati,26.1805978,91.753943
Dandora (Nairobi),-1.2490727499999998,36.8962891457452
Shashemene,7.2010144,38.5953618
Namtu,23.09574,97.3980881
Guidiguir,13.6720361,9.830846
Chimoio,-19.1437458,33.4780059
Buhanda,-2.2289051,29.6621464
Cuttack,20.4686,85.8792
Pasar Kramat,-6.77041215,108.41502830624671
Muzinda,0.3016433,32.4308254
Hawassa,7.0481029,38.47861
Obock,12.17398865,43.11481461762034
Pakhangyi,21.5393985,95.203753
Mzuzu,-11.4607518,34.0226422
Addis Ababa,9.0107934,38.7612525
Jau,45.4079954,-0.9583826
Duma,33.5696629,36.4012933
Kandal,11.396262499999999,105.02078685074581
Faryab,35.9261784,64.6237758
Ho,51.4960092,-0.12983179457250804
Pasar Tugu,-6.1269855,106.91765875986306
Malomo,-13.1473254,33.8362182
Bilaspur,28.8680526,79.29838501460121
Rugarama,-1.43031595,29.75431081382999
Kara-Balta,42.8023631,73.8526559
Pasar Manonda,-0.9033461,119.8508441
Yendi,9.4466478,-0.0035068
Nayuchi,-14.9792364,35.8731949
Kibuye (Karongi),-2.0703033,29.3521533
Pasar Agung,-7.58147195,110.83796252221765
Kapisa,34.905556,69.741667
Kota,25.1737019,75.8574194
Nyamande,-8.8236722,34.9616472
Delo,-3.709176,137.1624505
Xai Xai,-25.044479,33.64073
Bocaranga,6.995897,15.638835
Ankara,39.9207886,32.8540482
Ibadan,7.3777462,3.8972497
Kageyo,-1.8664504,29.57828604028806
South Cotabato,6.2855239,124.9333096
Dhangadhi,26.7543893,86.4026859
Ali Sabieh,11.2133809,42.8699249
Neno,-15.51371825,34.68322049013118
Baghdad,33.3061701,44.3872213
Luang Prabang,19.8887438,102.135898
Coimbatore,11.0018115,76.9628425
Izra',48.5521734,21.5473253
Hopone,19.7600741,97.1436679
Musenyi,-3.3774707,30.180956
Biltine,14.525174,20.928701
Pasar Kranji,-6.2261737,106.97941247756819
Nookat,40.2657382,72.6178387
Kabeza,0.0869736,30.3339883
Musikot,28.612947249999998,82.47049757495851
Aley,33.8082697,35.6061181
Dasso,7.0109964,2.4669881
Aroresa,9.4399966,43.0907615
Ascot Shopping Centre,-20.1599069,28.6092857
Ai Cheng,29.0882136,115.7625995
Gharm,39.0274695,70.3738916
Maphisa,-21.066018,28.457861
Skuta,46.3632574,14.5577388
Tonka,50.1868553,13.1528003
Gujungu,12.3626414,9.582104
Balkh,36.7581256,66.8980826
Berea,-29.1963971,27.9175581
Nablus,32.2205316,35.2569374
Kayanza,-3.0083103,29.6195628
Zabul,32.3068942,67.129904
Temera,16.9985919,-0.9546355
Forgho,16.5077908,-0.0733067
Kutkai,23.4593156,97.9384704
Pasar Kranggan,-6.3645703,106.9238123
Xudur,4.1237042,43.8915563
Pasar Labukkang,-4.0067909,119.6277197
Kalobeyei (Village 3),3.7687083,34.6232794
Abeibara,19.3494891,1.8443903
Matibi,-20.7500478,30.4873004
Kampong Speu,11.57753675,104.27140233242656
Liwonde,-15.067850700000001,35.23032480256449
Myo Ma Zay,23.203196300000002,95.51918885936973
Gbadolite,4.2812396,20.9999077
Banga Lubaka,-5.6037221,20.544141224317155
Soma,39.185172,27.6088792
Trinidad,10.443024300000001,-61.26130538878063
Gardez,33.6014533,69.2235518
Pasar Mundu,-7.77555395,109.87050201021162
Sa'ada,17.063405,43.914884
Dornod,47.6772781,115.2177155
Pasar Masomba,-0.9078998,119.87874509040768
Pangasinan,15.916667,120.333333
Naryn,41.36706575,75.99318378659194
Warangal,17.9820644,79.5970954
Kampot,10.6314754,104.132637
Lubumbashi,-11.6642316,27.4826264
Dar Paing,20.170469,92.83435
Pasar Beringin,-2.06279875,101.39547145551245
Basilan,6.578645,122.034922
Pasar Inpres Naikoten,-10.178053649999999,123.60026054326741
Abalak,15.463729,6.281312
Berd,40.829786600000006,45.43899860862679
Al Bab,36.3711098,37.5143955
Rukwa Region,-7.7511321,30.9487902
Bolga,10.7853963,-0.8487322
Kajiji,12.537262,4.9362355
Bhairahawa,27.6853559,83.4184781
Nainawa,10.264757,10.321103
Hargeysa,9.561733,44.061803
Karongi,-2.17132825,29.441250451431387
Zakarpattya,48.2953664,23.4466092
Kirkuk,35.4719308,44.3953896
Bystrovka,42.7882884,75.697228
Avoca,41.4776567,-95.3394897
Lilongwe,-13.9875107,33.768144
Bururi,-3.8581592,29.584379
Wassu,-3.618081,128.493251
Mbout,2.7621642,11.0869803
Bossangoa,6.4924441,17.4463162
Mayabunder,12.7701746,92.83131186045273
Dehradun,30.3255646,78.0436813
Maradi Commune,13.4866973,7.1030475
Muramvya,-3.2751181,29.6307855
Sulu,5.9942808,121.0787926
Yenanchaung,20.4909007,94.9031907
Bharatpur,29.3582395,79.547882
Dharmapuri,12.09680475,78.19304301026716
Mahombekombe,-16.526093799999998,28.7773321099384
Baabda,33.8338977,35.5443697
Kebri Dehar,6.7389461,44.2804067
Thyolo,-16.128774749999998,35.14491322382413
Montepuez,-12.6245282,38.58900662849378
Daykundi,33.725113,66.2196554
Zamboanga del Norte,8.0,122.666667
Nashik,20.0112475,73.7902364
Oriental Mindoro,13.2,121.2
Port Loko,8.7643754,-12.7819558
Carnot,4.9421173,15.8690967
Tandag,9.0799833,126.1974606
Bohicon,7.1816331,2.0695683
Aizawl,23.7435236,92.7382905
Amran,16.230218,43.909834
Pasar Sidodadi,-0.16172985,116.95758006612917
Khan Arnaba,33.2391876,35.889477316334
Bokeo,20.317445,100.3958112
Kiev,50.4500336,30.5241361
Udaipur,24.578721,73.6862571
El Geneina,13.4435,22.4452278
Pasar Bangka,-6.245745149999999,106.8153248
Singida Region,-5.2902148,34.6367444
Kikwit,-5.0610453,18.808744282510744
Kilimanjaro Region,-3.476279,37.3872648
Gorakhpur,26.6711433,83.36457243864551
Kapchorwa,1.33106065,34.39616563403531
Samarkandek,40.0276663,70.4355865
Nkhate,-16.1439904,34.9567335
Long Tan,43.9095188,126.5590664
Gulu,3.0199023,32.38825103502008
Nyabikere,-3.2653493,30.111956
Chernivtsi,48.2864702,25.9376532
Tabora Region,-5.1913822,32.5080629
Obo,60.9943157,75.5139561
Checheche,-20.7635571,32.2271979
Mishiha,-3.0729759999999997,30.722470638076356
Tenenkou,14.4547633,-4.9164995
Vatovavy Fitovinany (Region),-21.266033399999998,47.863708707508536
Musha,25.6422228,74.7860384
Wunrok,8.989333,28.303667
Pasar Lama Sentani,-2.5679367,140.5047647
Pasar Kayu Jati,0.8512082,99.561119125
Agartala,23.8312377,91.2823821
Ajloun,32.3323294,35.7520522
Sadung,25.3962189,97.8984954
Saharanpur,29.9880774,77.5081299470512
Hilmand,31.0,64.0
Arba Minch,6.0215142,37.5539809
Pasar Raya,-1.591359,102.0067962
Aweil Town,9.24249105,27.743200960843335
Owando,-0.481343,15.896645
Stung Treng,13.852468,106.0889848986395
Laguna,14.1696476,121.3336526
Bedanda,11.348427,-15.112394
Pakokku Myo Ma Market,21.3290608,95.07259458879295
Geita Region,-3.1865265,32.0855702
Pasar Wage,-7.4267725,109.2491574
Pasar Tual,-5.6332807,132.7433793
As-Sanamayn,33.0732448,36.1833927
Pasar Bintan Centre,0.9203195,104.5067135
Biringi,2.8171649,30.3560641
Pasar Horas,2.95936465,99.06688165276958
Ah Nauk Pyin,21.021919,92.508827
Armavir,44.9993585,41.1294061
Bambadinca,12.023539,-14.860555
Kabuga,11.9945942,8.479822246337452
Murghob,38.1709568,73.9668836
Asmara,15.3389667,38.9326763
Zablatani,33.5159326,36.3189225
Nam San Yang,31.9264144,121.4695909
Raiganj,25.680653900000003,88.12464576019889
Oshakati,-17.7826518,15.6986
Tshibamba,-5.937222,22.639167
Kanpur,26.4609135,80.3217588
Gatore,-2.6583354,29.4973865
Toufoundé-Civé,15.6629989,-13.2481814
Kharkivka,51.70406,34.240608
Prey Veng,11.365959700000001,105.45572772976189
Cagayan,18.0,121.833333
Mukalla,14.5424624,49.1231345
Zarqa,32.0668425,36.0885771
Yaloké,5.3165124,17.1019118
Pasar Kranggot,-6.0180871,106.0653095
Damara,4.9561279,18.6977075
Baguio,16.4119955,120.593371
Mwetshi,-4.6906558,22.63381
Échelle,48.0373767,-0.6309989
Pasar Kartasura,-7.551957,110.7404109
Kalobeyei (Village 2),3.7687083,34.6232794
Ubari,43.0563455,141.9739081
Nyagatare,-1.298632,30.329535
Vijaywada,16.511298,80.6346206
Derna,47.204854,22.3078138
Kasiya,25.5432299,81.5415944
Kabacuzi,-1.9545998,29.745904973656646
Hebron,31.528902,35.0944873
Berbérati,4.2593379,15.7877826
Uzgen,40.7707645,73.2978049
Bathinda,30.17911535,75.04710156312628
Ifugao,16.833333,121.166667
Twil,15.5241887,-10.14249114387856
Afgooye,2.23548745,44.99694192797743
Bozoum,6.3147379,16.3806392
Gokwe,-18.224982,28.953933
Pasar Aviari,1.0505256,103.9696929
Chadcombe,-17.8562662,31.1129615
Salah al-deen,31.3386764,34.3078362
Cankuzo,-3.1450876,30.589869985287194
Bani Waleed,31.33437845,34.32475474259384
Adigrat,14.2774132,39.4614983
Maungdaw,20.8269243,92.3661178
Amritsar,31.6343083,74.8736788
Hajjah,16.0,43.25
Panchkula,30.7137692,76.86827600027706
Birendranagar,28.59887315,81.60585694604744
Bissora,12.2235221,-15.4507416

Donetska,50.4289012,30.4450598
Capiz,11.3852987,122.6377315
Dhaka,23.7644025,90.389015
Analamanga (Region),-18.6000004,47.51310021616148
Simiyu Region,-2.9370701,33.7006447
Kalagi,17.353429,77.1532997
Mindat,21.436094750000002,93.35805266634624
Konni,9.2714748,77.0610707495188
Pasar Gotong Royong,-3.6937552,128.179026
Alto Molócuè,-15.6325077,37.6846186
Mugina,-2.1135421,29.956343
Adilabad,19.5,78.5
Ruhengeri,-1.50405,29.63631
Municipal,3.4478522,-76.5122142
Cacheu,12.274246,-16.1648911
Bembèrèkè,10.25395885,2.750742720088743
Jbeil,34.123528,35.6492047
Dohuk,36.8542598,42.9924528
Bongolava (Region),-18.5916863,46.30781672201059
Afmadow,0.6181757,41.824659772052286
Gacurabwenge,-1.9982495500000002,29.896244600024964
Buyengero,-3.814518,29.5426521
Taboye,16.7147217,-0.2586111
Siabuwa,-17.4574967,28.1263035
Kamonia,-6.8792355,20.9296344
Grand marché (Nzerekore),7.7512896,-8.8213496
Thiri Mingalar Market,16.8423984,96.1114062
Ngabu,-0.8999695,11.6899699
Santhe,-13.4052161,32.0788799
Kathmandu,27.708317,85.3205817
Jumbo,42.778883,-81.208177
Burco,9.5277644,45.5381093
Lodwar town,-33.959397,18.5648254
Mara Region,-1.6409527,33.8421608
Amoron'I Mania (Region),-20.4591292,46.72639219499414
Wa,47.2868352,-120.212613
Inshaat,41.095490350000006,45.343974599999996
Caio,52.0417208,-3.9321304
Tarlac,15.4937252,120.4964091
Kabarondo,-2.00884485,30.558977218889652
Gujba (Buni Yadi),11.2761253,12.0077062
Gasorwe,-2.84883,30.235979320152726
Kezi,34.8651,46.1397
Pampanga,15.0519635,120.6445398
Gicumbi,-1.614267,30.118655987697807
Tshikele,-6.633333,22.6
Byumba,-1.577341,30.0640012
Kasungu,-12.992487650000001,33.472356695915096
Port-au-Prince,18.547327,-72.3395928
Maskanah,35.960035,38.0412782
Mokhotlong,-29.2190697,29.0351369
Ein Issa,36.40034085,38.85005171789865
Bunj,9.9633955,33.7259061
Kayero,-3.810759,30.1200597
Bubare,-0.5670206,30.0691935
Area 23,-43.3054358,-65.0552953
Ginnir,7.138336,40.7193506
Jandar,38.1058502,44.4150228
Adjelhoc,19.4649,0.8549
Atareb,36.1393709,36.8234774
Kurnool,15.8309251,78.0425373
Potosi,-20.666667,-66.666667
Rumonge,-3.87550755,29.470620714130433
Myin Hlut,20.633421,92.503532
Davao Oriental,7.166667,126.333333
Jaramana,51.1638175,10.4478313
Nyagasasa,-3.5942681,29.5911101
Douala-Sandaga,4.0615416,9.7010082
Itasy (Region),-19.0535322,46.99220107204388
Mugera,-3.3206755,29.9631891
Pasar Pancasila,-7.4717945,112.44593219197326
Bakandi,9.5545,16.2064
Maseru,-29.5816942,27.8243208
Qacha's Nek,-29.9656502,28.7380611
Sayoun,5.7672304,-9.7258794
Mutarara,-17.22562155,35.119530775153116
Zomba,-15.3863208,35.3268273
Chilinga,-13.1058462,-73.8766751
Gathi Loumo,15.4693603,-4.6116866
Pasar Weru,1.4567512,124.84020418340708
Pasar Wosi,-0.8672868,134.0504897276831
Mchinji,-13.782889749999999,33.020473863724945
Kagera Region,-1.5825315,31.4798031
Bolero,-10.9811424,33.7412437
Boali,4.8089514,18.1140203
Anbar,32.7889443,41.6093983
Narayanghat,27.6944263,84.4225786
Rosso,46.2077151,8.2348477
Leribe,-29.0182683,28.2636997
Keserwan,34.0769763,35.81462470344061
Sare Bojo,13.3286355,-14.5165527
Banias,35.1820319,35.9449068
Sar-e-Pul,35.5532126,66.2426766
Pasar Dinoyo,-7.5912495,112.42891640470428
Boujdour,26.1263378,-14.4836537
Gyumri,40.7852085,43.8416095
Palawan,11.083365350000001,120.91639641658887
Tubod,8.0486582,123.7961839
Birambo,-1.3337457,30.1017201
Marangara,-2.7423205,29.9941415
Monkey Bay,-14.0831457,34.9145436
Saida,33.5618345,35.3780338
Safim,11.931923,-15.615397
Yusufari,13.0683,11.1758
Jabalpur,23.1608938,79.9497702
Bikaner,28.0159286,73.3171367
Kara-Suu,40.7079547,72.8801867
Gatunda,-1.41162485,30.186830726550646
Garowe,8.59218265,48.89587914135295
Kinazi,-2.3873978,29.7888034
Lattakia,35.5200185,35.7781044
Simdega,22.6664325,84.5502679119221
Shire,-17.3042526,35.2900922
Haoussa Foulane,15.9950335,0.1318031
Kamenge,-3.3455362,29.3863122
Bangui,4.3907153,18.5509126
Butembo,0.12460345,29.289273009581915
Shahdol,23.3002343,81.364771
Marigat town,0.46079064999999997,35.97106605435438
Tamale,9.4051992,-0.8423986
S'ang,57.6728214,14.8510919
Angónia,-14.76898315,34.14447388692159
Karabak,39.9739208,46.65110431493472
Bamenda,5.9614117,10.1516505
Shariff Aguak,6.8610172,124.4444871
Gurgaon,28.42826235,77.00270014657752
Aoujeft,20.0260444,-13.0547635
Njombe Region,-9.1210886,34.4316775
Karachi,24.8546842,67.0207055
Basrah,51.8650996,-2.1155356999999997
Zahle,33.8476479,35.9026269
Bankoma,13.3768089,-3.7972583
Ulongwe,-14.840581799999999,35.16942277555084
Mutaho,-3.2236327,29.6041253
Bégoua,13.1757745,7.25114
Douala-Marché Central,4.95672805,9.93876872694672
Kan Nar Market,14.0720918,98.1857846
Phekhon,19.8687118,97.0053025
Ntchisi,-13.27698805,33.854627197691315
Calapan,13.4145513,121.179543
Busra al Sham,32.5191381,36.4805732
Albayda,37.2009214,-3.6186091
Saravane,15.87128,106.3389565
Jacmel,18.2352587,-72.5375127
Mambale,0.4669169,29.2623797
Khatlon,37.8804734,69.2636923
Gangaw,21.795756599999997,94.1575177345438
Pasar Pondok Gede (Kota Bekasi),-6.28384915,106.91329566978168
Pasar Mardika,-3.686871,128.1842166048627
Marib,15.5986243,45.2598934
Miko,58.4889083,26.6037701
Masyaf,35.0620038,36.3437605
Rubkona,9.283756700000001,29.634865016441445
Twinkwavu,-3.2623587,30.6548429
Kalay,-4.73192,18.5513
Mashava,-20.045421,30.488972
Rukomo,-1.629161,30.1030965
Mpumelelo,-19.0695051,28.7725979
Zè,43.0402358,-0.0498884
Jowai,25.4434703,92.1973181
Ghiryan,32.1715873,13.0211451
Kunar,34.95,71.133333
Junda (Mombasa),-4.0267233,39.6759721
Pasar Lama,3.4686809,97.2456225
Aba,5.112735,7.364349
Janzour,32.8254462,13.0262526
Bengaluru,12.9767936,77.590082
Pasar Dwikora,3.6631474,98.715518
Samara,53.198627,50.113987
T.Puram,13.0064917,76.1005354
Kawangware (Nairobi),-1.2784631,36.751643
Sughd,40.5244768,69.9577679
Mtapa,-19.4429277,29.8026144
Kailahun,8.277001,-10.573943
Mbare,-0.9220095,31.0367526
Murzuq,24.5351182,15.2592288
Cap-Haitien,19.7595236,-72.2008068
Delhi,28.6517178,77.2219388
Camarines Sur,13.7271157,123.32885895465554
Al Mafraq,24.3286297,54.60599507277023
Tumakuru,13.3400771,77.1006208
Borikhamxay,18.5806594,104.1491594
Kaura Namoda,12.5941248,6.5860718
Sik'ela,13.0895954,39.0106519
Inhambane,-22.779116,34.5661741
Ruhango,-1.85677625,29.38441773028257
Manzini,-26.4958706,31.3695887
Gonaives,19.4460597,-72.6884336
Selenge,49.3910136,107.0629034
Phongsaly,21.6767816,102.2773177
Iloilo,10.9522168,122.5799456
Kong Chang,13.751652,100.532306
Berhampur,21.49308515,86.63272982626935
Songani,-15.3025672,35.4458715
Mocuba,-16.8519695,36.878526564952246
Kinshasa,-4.3217055,15.3125974
Ngwena gare,-6.38369115,26.637093450000002
Mabasa,9.9322793,123.563671
Nchalo,-16.2696581,34.8708606
Durg,21.1982964,81.40079215767969
Gunjur,13.17602,-16.759896
Mansi,25.54595535,86.55036799425176
Tulkarem,32.3111468,35.0275505
As-Safira,15.430811,44.723962
Macenta,8.294829199999999,-9.209446285065466
At-Tall,33.6086226,36.3119984
Ekrema,42.6555086,21.1597192
Pasar Badung,-8.656297,115.21242345050814
Lahe,58.580612599999995,27.20883110189201
Bokaro,23.699127949999998,85.99106894165021
Namhkam Market,23.8297301,97.595013
Mugombwa,-1.102654,29.6051648
Mucheke,-20.0842742,30.8117705
Galeng,35.7626298,102.2736154
Pasar Lapang,3.53789225,116.60951793947882
N'tillit,15.5223868,-0.4770194
Samangan,36.0,67.666667
Pasar Arengka,0.464182,101.4186374
Yoko,2.40297755,23.94805618280121
Kerbela,32.6156423,44.0348194
Tiruvanantapuram,8.4882267,76.947551
Kiffa,16.6161559,-11.4002038
Damazin,11.8073636,34.3656298
Hawash,35.5499651,36.3805412
Sorsogon,12.833333,123.916667
Beletweyne,4.7367735,45.2038881
Budum,-4.8842235,145.6686934
Thala Barivat,13.5717715,105.941917
Pasar Puring,-6.24140505,106.78909201660578
Mangamba,4.7638909,9.8754845
Istaravshan,39.9080152,68.9956351
Amaveni,-18.9248658,29.7817689
Mwaro,-3.4650043,29.6708508
Nthalire,-10.3506755,33.6414169
Osaka,34.661629000000005,135.49992679245517
Burambi,-3.809995,29.5451056
Mathare (Nairobi),-1.2638276,36.85946663613474
Muzzafarpur,26.11806255,85.31320562799439
Talas,38.6908169,35.5518755
Pasar Cinde,-2.980295,104.7553069
Lindi Region,-9.3985098,37.8997467
Ntcheu,-14.83041285,34.765831629561944
Panama,8.559559,-81.1308434
Mekele,13.4966644,39.4768259
Kyzyl-Tuu,41.1101753,72.1922704
Balangir,20.74978325,83.44097217446247
Owdweyne,9.260468750000001,44.98592272114814
Al Fiq,23.2010573,57.6796486
Kakuma 3,3.753338,34.825154
Parwan,34.9797014,68.9146703
Wompou,15.1315345,-12.7241346
Kinama,-3.3334797,29.3767699
Rajbiraj,26.539598,86.74855
Pasar Wameo,-5.45797215,122.59363075479142
Badakhshan,36.8040254,71.367658
Metro Manila,14.5736108,121.0329706
Qudsiya,-6.79731885,39.23170399849487
Sekondi/Takoradi,4.927456,-1.7490216
Suzak,40.896861,72.9119207
Kintampo,8.053714,-1.728919
Zwara,35.8977325,68.303636
Zongo,4.176119699999999,18.715348089610323
Mabayi,-2.7155058,29.2444205
Kiboga,0.85925585,31.928348891802138
Dangbo,6.5662073,2.51544769354959
Boma,-5.85,13.05
Boghé,16.5955353,-14.2603202
Matadi,-5.79740005,13.494820298074796
Na Rat Sar,49.4856202,6.9387604
Tuan Jie Cun,40.3663421,110.6907431
Pasar Kopindo,-5.112470500000001,105.30438794005535
Tartous,34.8936225,35.885167
Isiro,2.7742702,27.6208169
Sucre,-19.0477251,-65.2594306
Qaryatein,34.2288871,37.2382992
Pasar Sukaramai (Kota Medan),3.5824540999999996,98.7037432003668
Ihorombe (Region),-22.632789600000002,46.09956582015383
Kapoeta South,4.407973200000001,33.780320402169465
Pasar Pembangunan,-6.28905025,106.84204794437818
Jeremie,18.6445835,-74.1139182
Farim,12.4823646,-15.2196439
Pasar Wonokromo,-7.87048405,110.39178818008314
Mpita,-4.8188912,11.9085701
Diredawa,9.5913193,41.8566373
Davao de Oro,7.45,126.07
Bandundu ville,-11.6991531,27.4474822
Shiselweni,-27.024344,31.313400298036466
Chintheche,-11.8313824,34.1693013
Naga,13.6240122,123.1850318
Pasar Anyar (Kota Bogor),-6.59162995,106.79214214481371
Bissau-Plack,11.8561921,-15.5885948
Njube,-20.135463,28.5306079
Tura,47.3900474,0.6889268
Balykchy,42.456892,76.1960866
Hasbaya,33.398014,35.68202
Nouadhibou,20.9547706,-17.03469577096939
Chiradzulu,-15.754719999999999,35.20553617052023
Barkeol,16.640389,-12.498493
Tidjikja,18.5545158,-11.4325834
Layoun,49.3679839,2.418495
Mbaïki,3.8728278,17.9860847
Siakobvu,-17.1326463,28.3629726
Kadugli,11.07259465,29.60101162674514
Takavarasha,-20.3313581,30.307695647432656
Garu,23.59819585,84.21216092475208
Pasar Kliwon,-7.5859607,110.8340845
Zamboanga del Sur,7.9043,123.3194
Nhacra,11.961735,-15.596988
Damofalls Park,-17.8397886,31.2255335
Bo,-17.0568696,-64.9912286
Itanagar,27.0979659,93.6237291
Gihogazi,-3.1222513,30.0034319
Filtu,5.115379,40.6591506
Batangafo,7.3039831,18.2910914
Port Sudan,19.619217,37.211709
As-Suqaylabiyah,35.3826185,36.4492355
Janakpurdham,26.73015775,85.93176714563675
Doolow,3.99101225,42.11368935536676
At-Bashi,41.1703178,75.8092334
Mabanda,-4.2743686,29.7754932
Gavar,40.3565276,45.13134729280446
Pasar Mandonga,-3.9820407,122.5149433
Kindu,46.5991771,24.8879086
Negros Oriental,9.75,123.0
Soroti,1.7879059499999999,33.60681558084007
Niafunké,15.931,-3.99
Iringa Region,-7.7742718,35.4826339
Rutenga,-1.2536295,29.9791236
Pasar Bungur,-6.1744233,106.8445744
Pasar Antasari,-2.4220181,115.26265365
Quebo,11.5388759,-14.7678444
Ajmer,26.4691,74.639
Gumla,23.0916741,84.5738480719802

Aleg,17.0527177,-13.9152949
Komanda,1.3663891,29.9594441
Jalalabad,27.6768536,79.53978401514607
Pasar Kebon Roek,-8.5651707,116.07797306282998
Ouanaminthe,19.5485315,-71.7258332
Al Bayda,14.34166,45.394422
Vassala,8.7731568,-9.6266488
Katihar,25.559100100000002,87.64745595714365
Hrak,51.499674850000005,31.291934571632126
Ashtarak,40.2886849,44.3613061
Kangemi (Nairobi),-1.2654259,36.7525183
Kerben,50.3103652,7.3591284
Quthing,-30.3601252,27.9855738
Al Ghaidha,17.476845,44.076526
Mwanza,-2.5196915,32.9014417
Kibirizi,-2.3674767,29.912322363956346
Lin Haw,22.77647,98.83702
Pasar Bastiong,0.7668556,127.3757954
Kimironko,-1.942618,30.1382016
Masanganzira,-2.8171,30.09504
Bishkek,42.8777895,74.6066926
Ayodhya,26.7990707,82.2052321
Xitole,11.7349442,-14.8144697
Mbarara,-0.4180848,30.573737377548046
Banjul,13.4410165,-16.56275092072591
Imphal,24.7991162,93.9364419
Pasar Manis,-7.65579895,109.12788657567896
Lanao del Sur,7.8776443,124.3754759
Abeche,13.8280295,20.8283652
Mamfé,5.7527723,9.315211
Kahemba,-7.2919121,18.9582005
Tanène,9.806715,-13.4924555
Sittwe,20.15,92.9
Mondol Kiri,12.7396454,107.00882593208544
Adel Bagrou,15.4975,-6.950556
Bigene,12.439277,-15.535395
Minsk,53.9024716,27.5618225
Prabis,11.8005341,-15.7401575
Pasar Ngadirojo,-7.8140424500000005,110.99545634979452
Kidal,19.802089000000002,0.7253124568557916
Pasar Inpres,-6.160671,106.778858
Bourem Inaly,16.6904119,-2.8515344
Mukamira,-1.614956,29.5010765
Volyn,51.5451167,24.6627893
Manton,43.7753495,7.5029213
Gwandu,12.4893811,4.627794873242951
Panaji,15.4989946,73.8282141
Bourem,16.9575282,-0.3468008
Mota,46.546607,16.2301396
Rupangwana,-20.9997425,32.15167606018552
Mbizo 2,-18.9024903,29.8456907
Nawa,32.8909237,36.0396984
Ouangolodougou,10.070491,-4.8057507
Nyakarambi,-2.2740364,30.6756473
Takhar,36.5940732,69.7938996
Sonaco,12.3951689,-14.4838361
Balcad,2.40537355,45.78459265495574
Fayzabad,37.216341,70.613481
Chennai,13.0836939,80.270186
Ruyigi,-3.5172574,30.2480394
Mutena,-6.766667,21.166667
Dogbo,6.801846,1.7815205
Pang Yang,22.12747,98.79648
Pasar Kanoman,-6.7210836,108.56762566955267
Champassack,14.84273,105.71858439467431
Jezzine,33.5439343,35.5843949
Kayogoro,-4.1176232,29.945015
Shillong,25.5760446,91.8825282
Birao,10.2961965,22.7809907
Aklan,11.6297894,122.2481177
Sultan Kudarat,6.5556705,124.3271496
Shahba,32.8529319,36.6298883
Maguindanao,6.9234196,124.5365357
Nyabugogo,-1.9476402,30.0167713
Bandiagara,14.3505,-3.6112766
Gonye,-19.6608279,31.437211903422398
Gasenyi,-3.3537504,29.3915886
Accra,5.5571096,-0.2012376
Mwanza Region,-2.90554195,33.16370938992052
Aleta Wondo,6.604318,38.42573822434198
Douala-Congo,4.0373892,9.7053201
Nubul,-2.2,130.403889
Vientiane Province,18.6844927,102.07429
Samroang,12.0151968,104.7290781
Malakal,9.5388487,31.6584168
Balasore,21.5002888,86.9202627
Kampong Chhnang,12.1382025,104.3354098
Amaro,46.3740306,13.0953599
Marjayoun,33.3592529,35.5902134
Batangas,13.9146826,121.0867566
Rugombo,-2.8130179,29.0821647
Garissa town,45.283599,-89.712105
Dikhil,11.4225322,42.2093773
Srinagar,34.0747444,74.8204443
Tirunelveli,8.722388,77.710247
Kuntaur,13.670615,-14.889486
Mwansambo,-4.0632047,33.3454841
Al Balqa,31.9782917,35.65852324951788
Wadajir,2.0262453,45.2851999
Phalombe,-15.69220705,35.66505231082681
Kulob,37.9161378,69.7815382
Lére,49.2310033,0.4983596
Haridwar,29.9384473,78.1452985
Diondiori,14.5425515,-4.1152642
Kumasi,6.6985605,-1.6233086
Mya Thida,21.1338215,94.8617862
Mtakataka,-14.2248472,34.5166667
Pasar Senggol,-8.1318939,113.221305
Nkhamenya,-12.5666162,33.5136959
Jalal-Abad,41.510735249999996,73.22834789590578
Pasar Daya,-5.1123506,119.5072211
Namalu,1.760833,34.608056
Palayan,15.5408666,121.0842988
Hinche,19.1445541,-72.0087527
Kumbo,6.2108889,10.6867788
Ba Yint Naung,17.7923272,96.6670492
Cochabamba,-17.401245799999998,-66.16756808852
Sana'a,15.3538569,44.2058841
Pasar Sleko,-7.640223499999999,111.51813951489089
Bhagalpur,25.2871758,87.13033088387233
Tchaourou,8.8881676,2.596108
Beira,-19.828707,34.841782
Nganda,3.7399413,11.0391663
Musanze,-1.4745128,29.56921119524956
Al-Cha'ar,-25.46029845,-60.47376955
Catarman,12.4996559,124.6365924
Lutumba,-4.9382083,27.0843211
Bengaluru (east range),12.92572465,77.65717714276474
Stoung,12.9389734,104.5716049
Otjiwarongo,-20.4635829,16.6490992
Wasit,32.6944827,45.6848009
Indore,22.7203616,75.8681996
Muloza,-16.0543688,35.7726393
Rusine,-1.8126508,30.0967867
Biu,-1.9868129,115.9313339
Matupi,21.596511,93.444026
Chheu Tom,12.2951584,104.1761653480084
Baripada,21.9297099,86.73165610583777
Farafenni,13.5721243,-15.5979467
Munini,-4.0093161,29.7399592
Homs,34.7333334,36.7166667
Nkhoma,-14.0472065,34.1063032
Menabe (Region),-20.03559335,45.10848883290599
Lirangwe,-15.5416695,35.0258616
Khujand,40.2844189,69.6191669
Pasar Banyuasri,-8.1150744,115.0783067
Tonzang,23.605598,93.6923764
Pasar Tingkat,5.3681511,100.27569609148689
Chikombedzi,-21.6777017,31.3202631
Jijiga,9.3508526,42.8003788
Parakou,9.3400159,2.6278258
Nyamugari,-1.4485099,29.9332014
Gasarenda,-2.3411388,29.3977323
Makamba,-4.1978315,29.8073996
Thantlang,22.69843,93.4278
Chinamwali,-15.3778273,35.36205536212471
Suryapet,17.08001385,79.7925329742427
Nairobi,-1.2832533,36.8172449
Babile,10.5288072,-2.8376444
Zamboanga,6.9046909,122.076462
Nkora,-1.8446964,29.3129273
Adwa,12.3599983,25.0110589
Ceerigaabo,10.61806,47.37
Catio,11.2835568,-15.2547152
Khammouane,17.5842055,105.24713249754737
Bolama,11.27950645,-16.029442476049176
Anlong Veng,14.2331742,104.0812013
Ntaja,-14.8719847,35.5278216
Batangas,13.9146826,121.0867566
Aniet,52.3956685,5.2763873
Madaba,-9.86521915,35.43216338633224
Nabatiyeh,33.3739774,35.4891344
Dang Tong,10.7035925,104.4459825
Arlit,18.739079,7.393331
Lima,-12.0621065,-77.0365256
Maysan,32.0182542,47.0695957
Tanout,14.97119,8.878363
Sary-Kamysh,42.4937,76.2856686
Chokwe,-24.48862045,32.85984723301459
Kerewan,13.473128299999999,-16.13343591184462
Bandaga,13.4178093,75.790115
Xiengkhuang,19.41789095,103.35575492388296
Agusan del Norte,8.92,125.46
Samrong,15.0089358,104.7795622
Saharsa,25.83264165,86.61489283342814
Vagharshapat,40.1627757,44.2931665
Kinyinya,-3.6574594,30.3430215
Cobija,-11.0184614,-68.7538149
Bellary,15.1433952,76.9193876
Fulacunda,11.774895,-15.1720999
Tuguegarao,17.6118858,121.7300377
El Metn,33.8854033,35.55601550278959
Mahagi,2.3003475,30.9917354
Pasar Sukoharjo,-7.67819305,110.84085129526125
Pasar Pagi (Kota Samarinda),-0.49876895,117.1458869640145
Hetauda,27.4187156,85.01009335459317
Jakusko,12.34446145,10.801552533285502
Mubi,10.267607,13.264359
Tonkolili,8.6657003,-11.9378054
Ternopil,49.6630002,25.6167516
Antique,11.1705066,122.083333
Tobruk,32.0773764,23.9599988
Alamata,12.4233164,39.5630616
Nyaung Pin Gyi,21.7667363,96.0943244
Algiers,36.7753606,3.0601882
Taiz,13.4115414,43.5570871
Mykolaiv,47.3886032,31.9442334
Surigao del Sur,8.84,126.15
Morogoro Region,-7.0842931,37.4232686
Bati,51.3813864,-2.3596963
Pokhara,28.209538,83.991402
Mount Darwin,-16.5414793,31.64143152031906
Palakkad,10.78736915,76.47421718925105
Kalaburagi,17.166667,77.083333
Jodhpur,26.2967719,73.0351433
Moudjeria,17.880401,-12.3324205
Mandi,31.6723392,76.95331690779145
Tokyo,35.6812665,139.757653
Muthanna,30.5923739,45.2916041
Bangladesh (Mombasa),-4.0067225,39.6327478
Dungass,13.0634643,9.3405575
Saqba,33.5184752,36.3799215
Ruyaga,-4.006987,29.6936082
Ndélé,3.8913364,12.1555191
Tsholotsho Business Centre,-19.497059550000003,27.40841665546794
Aurora,41.7571701,-88.3147539
Kanyosha,-3.4145659,29.4087232
Sala 5,43.6687139,-7.6028789
Bria,45.82,-0.249167
Girawa,9.1379442,41.83568
Hama,35.1343368,36.7496276
Khmelnytsky,49.4196404,26.9793793
Chatoloma,-12.702570900000001,33.48703039401323
Pasar Segiri,-0.4823042,117.1494407
Pasar Kiara Condong,-6.9263499,107.6450363
Bafoussam,5.4758083,10.4215565
Masindi,1.6917534,31.773752436319583
Pasar Klaten Kota,-7.62113825,110.6997400173023
Pasar Karya Nugraha,-5.4622003,122.6082251
Bombali,9.2388372,-12.1148024
Moungali,-4.2523064,15.2723323
Kozhikode,11.2450558,75.7754716
Lunzu,-15.7565081,35.0817414
Masha,23.8672013,71.9210409
Ejura,7.377594,-1.367728
Raipur,21.2380912,81.6336993
Bugarama,-3.2666463,32.4232908
Luebo,-5.3535845,21.4197459
Muhondo,-1.8108151000000001,29.884104763422293
Basse Santa su,13.31004,-14.2150033
Tashan Bama,11.8114816,13.18208243403799
Sirt,31.2059625,16.5836206
Sakubva,-18.9948244,32.6407429
Man,55.001251,-97.001038
Mbuji-mayi,-6.1258942,23.5998111
Mong Hkawng,21.1223139,100.3429665
Karambi,-1.7241882,30.4735142
Mong Pawk,22.01762,99.323341
Badghis,35.0,63.75
Al Mayadin,35.0166667,40.45
Kabul,34.5260109,69.1776838
Samastipur,25.7744929,85.86626813370123
Hossana,7.5501651,37.8528153
Diafarabé,14.1392796,-5.0184516
Balaka,-15.04847375,35.05315978998695
Bubaque,11.3000802,-15.8312425
Sowa,50.67013145,16.48288765708609
Svay Rieng,11.1942275,105.7973275083619
Bouar,5.9354018,15.5921894
Mbeya Region,-8.6131228,33.3341957
Glazoué,8.16811735,2.2291357527306785
Mysore,12.3051828,76.6553609
Bouake,7.6906058,-5.0298408
Kandahar,31.6205738,65.7157573
Ndop,5.989248,10.436179
Muhradah,35.2479498,36.5790439
Maharashtra_Pune,18.521428,73.8544541
Gihamagara,-3.3695906,29.3689504
Rampurhat,24.1763069,87.7859569
Wein Kao,47.8809714,10.6199154
Ngundu,-20.8015291,30.8008761
Tadjourah,11.7331574,42.6815878
Mong See,47.2692043,12.479412
Rutana,-3.8618714,30.0676979
Pasar Bitingan,-6.8167758,110.8369513627303
Petit Marche,7.3260584,13.5816855
Dandume,11.4169922,7.222459472401029
Chiremwaremwa,-20.468307250000002,31.863885703717266
Anosy (Region),-23.93720285,46.15293105184881
Pasar Singaparna,-7.35066845,108.11175387174822
Ruvuma Region,-10.749721,35.6616934
Idleb,35.859499549999995,36.57140391506578
Phnom Srok,13.7436658,103.3390616
Lingayen,16.0206363,120.2307093
Boundiali,9.5255789,-6.4837639
Pwani Region,-7.1160874,38.7300111
Nga Khu Ra,30.71793385,81.21757098610614
Butare,-2.54261195,29.159087046084316
Bukavu,-2.5055839,28.8594885
Pasar Mangli,-8.1902779,113.6521585
Korem,18.5348694,78.9124328
Solan,30.92589585,77.08200509063624
Ntonda,-8.2283659,27.2042159
Atsimo Andrefana (Region),-23.0907053,44.40133257710572
Magaria,13.000948,8.9086775
Mtwara Region,-10.6990264,39.0217984
La Union (Ilocos Region),16.5735957,120.4089899
Oudomxay,20.2386431,101.7536598
Zhytomyr,50.9080532,28.3867504
Rusumo,-1.673419,30.0923635
Cayes,-0.2545091,-78.5608151
Kikara,15.2106689,-2.7488866
Benghazi,32.1288331,20.0817204
Rumbek,6.8063901,29.6767488
Thiri Market,19.66075285,96.0890468793018
Ferkessedougou,9.5939778,-5.1975952
Melut,10.4419745,32.2024739
Pasar Flamboyan,-0.0402083,109.3453369141812
Toktogul,41.8734702,72.9451052
Bihar_Gaya,24.7964355,85.0079563
Alanine,-1.6623964,29.2040315
Brak,43.3239838,16.65481905810135
Dessie,11.122604,39.634982
Covè,7.2999575,2.298927334403489
Nguru,5.366667,7.133333
Attapeu,14.79073,107.10083175209198
Kono,8.6868883,-10.9194454
Gisuru,-3.4580085,30.4983043
N'gouma,15.63789,-3.370612
Boni,11.512488300000001,-3.3864474856538984
Katima,14.789,8.5257
Uno,40.7496292,-73.96738998324597
Kananga,-5.8951725,22.408589
Karimama,11.91622705,2.7121422370930746
Abomsa,8.4891492,39.834127
Najaf,32.0010227,44.3299926
Tongogara Refugee Camp 2,-20.3465343,32.3076631
Cape Coast,5.107467,-1.2430793
Quezon,13.9,122.0
Hermel,34.3962036,36.3870372

Maputo,-25.966213,32.56745
A'zaz,36.5864441,37.0464305
Bujumbura,-3.3638125,29.3675028
Luchenza,-16.0051495,35.3089264
Thaba Tseka,-29.5699207,28.5938214
Ghor,34.1605257,64.9201949
Xayabury,19.2536139,101.61809849627492
Nhakiwa,-17.3715473,31.801478
Phidim,27.1201289,87.79512207371164
Pasar Mandalika,-8.5966274,116.1562693
Dantokpa,6.3755322,2.4314042
Cebu,10.2931062,123.9020773
Ibb,14.1419291,44.1389849
Sebha,26.9956212,15.1065417
Ying Phan,26.539592300000002,101.79735174129432
Chainpur,24.981117750000003,83.42031408946386
Ngouri,13.636825,15.3701466
Dawanau,12.0997091,8.416160350673945
Butuan,8.9483324,125.5369442
Rafah,31.2752047,34.2558269
Herson,46.6412644,32.625794
Bazar-Korgon,41.033588,72.7421097
Al Kom,16.033333,48.466667
Lashio Market,22.9364174,97.7485287
Limbuli,-16.073266,35.7152358
Al Fashir,13.6238244,25.3555559
Nouakchott,18.061891799999998,-15.931148157832908
Atsinanana (Region),-18.9771559,48.87421408994375
Pasar Gudang,-6.2671951,106.46780922919653
Nyanza,-2.3430532,29.770224144656872
Qalqiliya,48.8233394,-109.4990746
Jene,48.2787938,20.2141256
Ernakulam,9.98408,76.2741457
Haradh Town,16.4061009,43.0560545
Bukidnon,8.022778,124.998611
Pasar Bawah,-3.7842712,103.5473351
Virunga,-1.66222035,29.23349949165771
Pasar Nauli Sibolga,1.7481079,98.789843
Bar Kaev,13.6868898,107.2144802
Bossaso,11.00261495,49.41072274526701
Kin Seik,20.3728062,93.2724514
Isfara,40.123264,70.6134164
Jhabua,22.88585225,74.72513368804519
Douekire,16.5740066,-3.3726859
Benguet,16.5,120.666667
Nuristan,35.3,70.833333
Milange,-16.0972035,35.7710397
Bansang,13.4357739,-14.6587882
Hhohho,-26.1022695,31.364094517500757
Rivne,51.2074112,26.5208033
Marché central (Labé),11.427672300000001,-12.682383027392946
Ivano-Frankivsk,48.7481718,24.5207477
Mangochi turn off,-14.1699595,34.9433046
Pasar Pulau Payung,1.66886075,101.44147317677812
Pasar Dahlia,-0.0189734,109.3253252
Rizal,14.65,121.25
Mambasa,0.2739651,29.065833
Ambikapur,23.1226343,83.1981886
Ingall,49.5603567,-92.8993419
Araria,26.26498795,87.37162648106798
Essau / Barra,13.4834841,-16.5472881
Tell Abiad,35.95113,39.012456
Odessa,46.4843023,30.7322878
Ahmedabad,23.0216238,72.5797068
Abomey,7.165446,1.9828803672675925
Mahoko,-1.6982114,29.344106
Deir-ez-Zor,35.3333335,40.1499999
Yefren,32.0633249,12.5271413
Bint Jbeil,33.1195382,35.4327933
Sabratha,32.7906211,12.4826746
Nsungwi,-13.886958,33.75480284603489
Sare Ngai,13.4738712,-14.8359791
Bhamo Market,24.25060445,97.34607155907246
Sibanor,13.205939,-16.193505
Jinja,0.57515665,33.28052985775423
Pasar Kosambi,-6.17924615,106.71728575
Batken,40.0663344,70.8226795541263
Djoulouna,14.5436511,-1.9489384
Makanjila,-13.7061707,35.0451935
Neshuro,-20.9453657,30.6455759
Ruhehe,-2.4371435,30.0337453
Goundam,16.4168533,-3.6636275
Santa Cruz,28.469648,-16.2540884
Nimroz,30.7753811,62.4793088
Nyanzale,-1.021331,29.113547
Home shop,25.0897214,121.5238026
Vunga,-4.5041784,152.0625022
Hula,-10.0981328,147.7246967
Mpamba,-0.742568,30.6453493
Damaturu,11.747,11.9608
Songwe Region,-8.2769421,32.86174429611566
Kinkala,-4.3565973,14.7587752
Sayda,50.7124239,13.4193688
Nkhotakota,-12.8321965,34.032917703204646
Kameme,-9.5692058,33.092603
Shwe Hin Tar,15.5094772,97.8570445
Karakol,45.710182,37.775433
Dushanbe,38.585694700000005,68.7603746751885
Kindia,10.1154374,-13.1916883
m. Kyiv,50.410272449999994,30.44406001346379
Chandigarh,30.72984395,76.78414567016054
Kolkata,22.5726459,88.3638953
Taunggyi,20.7907874,97.0364294
Fatoto,13.402016249999999,-13.889870339969605
Amman,31.9515694,35.9239625
Bhamo,24.2692872,97.17853617700688
Hsihseng,20.160643,97.252818
Monzombo,3.0542536,18.5173858
Misamis Occidental,8.333333,123.7
Ranchi,23.3700501,85.3250387
Limbé,19.7064096,-72.4029292
Davao,7.0648306,125.6080623
Saint Joseph,49.5344534,-1.529802
Tchomia,1.4418677,30.4833698
Kenema,7.8870853,-11.1888166
Northern Samar,12.42,124.81
Golomoti,-14.415644749999998,34.60278323564538
Bohol,9.833333,124.1615579
Karonga,-10.08474695,33.86619181196623
Rathedaung,20.488342,92.754158
Aden,12.833333,44.916667
San Fernando,36.4643934,-6.198203
Manica,-19.0400995,33.4318137
La Paz,-16.4955455,-68.1336229
Pasar Hatta,-6.12389155,106.65658968644006
Pasar Batu,-1.944573,115.5702404
Dolo Ado,4.1763264,42.0551684
Diyala,34.0228719,45.1046224
Freetown,8.479004,-13.26795
Thondwe,-15.4739114,35.5205133
Bhuj,23.2472446,69.668339
Kirundo,-2.5606278,30.1651351
Tessalit,20.2019542,1.0124531
Kyauk Ta Lone,11.8992046,98.7597406
Jenin,32.4618837,35.297566
Aligarh,27.833333,78.166667
Tarhuna,32.4345861,13.6350687
Cotabato,7.27,124.86
Port Blair,11.6645348,92.7390448
Varanasi,25.3356491,83.0076292
Redcliff,50.0849439,-110.7849638
Gisenyi,-4.1724897,29.7973201
Yaoundé-Marché 8e,3.86409925,11.49584959562651
Cotabato,7.27,124.86
Nawng Hkit,22.43836,98.9248
Birgunj,27.0135196,84.8763804
Cabanatuan,15.4905045,120.9684264
Pasar Kota,5.20319735,96.7003029
Pasar Siteba,-0.8972857,100.3684405
Sour,35.9994004,0.3381689
Likasi,-10.9891601,26.7397418
Gikongoro,-2.4721341,29.5827944
Khuwi,23.46,58.21
Mersa,-16.4764559,37.5050471
Tangyan,22.41137675,98.42465945876276
Analanjirofo (Region),-16.317265,49.49149101790898
Victoria Falls,-17.9229035,25.8490239
Konyokonyo,4.8363065,31.6076979
Gaza,-23.328398,32.8066057
Zamboanga Sibugay,7.7877097,122.5744217
Nawada,24.818123999999997,85.5185562336921
Sorgin,-16.5431813,35.0129799
Kolwezi,-10.73864205,25.49482437283848
Dalocha,7.7898174,38.2458043
Diana (Region),-13.108811750000001,49.13889997926927
Pasar Ujong Baro,5.2075517,96.6725960976996
Shimla,31.1041526,77.1709729
Ngororero,-1.854725,29.632534
Caravela,39.8618098,-8.8883134
Zogbodomey,7.01729035,2.20306582428993
Sanpya ward,20.1264358,92.8887822
Rourkela,22.253999399999998,84.8577520139704
Magta-lahjar,17.5127405,-13.0927887
Isabela,17.0,122.0
Obuasi,6.211542,-1.6894045
Shin Pin Kai,41.7087784,124.8226338
Byangabo,-1.5628558,29.5513069
Misrata,32.3745923,15.0905803
Chitakale,-16.011403,35.48961283566035
Sarangani,5.874722,125.275278
Kalemie,-5.9460209,29.1967172
Boeung Chhouk,13.10497255,103.1950154315536
Yeghegnadzor,39.7591317,45.3320458
Jeypore,18.89891745,82.5590760883135
Kakuma 4,3.753338,34.825154
Bamyan,34.75,67.25
Nalut,30.6131484,10.6709595
Kakuma 2,3.753338,34.825154
Ntunga,-1.961616,30.3514439
Auserd,22.567,-14.312906
Chifra,11.6033251,40.0162457
Ilocos Norte,18.166667,120.75
Safita,34.8204716,36.115325
Chheu Kach,11.2425447,105.4210198
Pasar Minggu (Kota Jakarta Selatan),-6.31606605,106.82553355
Pasar Johar,-6.97266345,110.42478745265991
Allahabad,25.4381302,81.8338005
Kaabong,3.65820615,34.2111233999499
Hewe,-10.8139068,33.5134376
Limbe,19.7064096,-72.4029292
Gueckedou,8.561649,-10.132821
Uvira,-3.4072776,29.135285430706507
Bissau-Bandim,11.8520985,-15.5950607
Kersa,9.455,41.86639
Pasar Delanggu,-7.62113825,110.6997400173023
Harbu,10.9234964,39.7850037
Almaty,43.2363924,76.9457275
Zemio,5.0247528,25.1292659
Gwalior,26.2037247,78.1573628
Isiolo town,3.9402433,41.86376106168384
Boyabu,3.7339921499999997,18.763416923323582
